Game_Type,Accuracy,Count,Avg_Response_Time
Bridge,0.9,10,7.765072757547552
Table,0.8,10,15.198732029307973
SeeSaw,0.7272727272727273,11,10.114433071830057
Catapult,0.6,10,37.367394185066225
Unbox,0.6,10,12.33549672907049
Prevention,0.5454545454545454,11,32.592324235222556
Shafts,0.45454545454545453,11,14.531782692128962
Falling,0.4,10,26.679353280500933
Chaining,0.2727272727272727,11,15.449416507374156
Gap,0.18181818181818182,11,36.90803675218062
