Shot_Count,Accuracy,Count,Avg_Response_Time,Std_Response_Time
0,0.14285714285714285,7,51.746176624298094,77.10067093736785
1,0.45,20,29.002335453033446,38.40356778031719
2,0.6052631578947368,38,19.995382791910416,20.637029953143244
3,0.6,40,9.59166665673256,2.997030180177958
